item,component,qty_per,op,scan
TL-6060-WHT,CLAY-RED,18,PR,lot
TL-6060-WHT,FELDSPAR,4,PR,lot
TL-6060-WHT,KAOLIN,2,PR,lot
TL-6060-WHT,GLZ-WHT,0.8,GL,lot
TL-6060-WHT,CTN-60,0.7,SP,lot
TL-6060-GRY,CLAY-RED,18,PR,lot
TL-6060-GRY,FELDSPAR,4,PR,lot
TL-6060-GRY,KAOLIN,2,PR,lot
TL-6060-GRY,GLZ-GRY,0.8,GL,lot
TL-6060-GRY,CTN-60,0.7,SP,lot
TL-3060-BGE,CLAY-RED,14,PR,lot
TL-3060-BGE,FELDSPAR,3,PR,lot
TL-3060-BGE,KAOLIN,1.5,PR,lot
TL-3060-BGE,GLZ-BGE,0.7,GL,lot
TL-3060-BGE,CTN-3060,0.62,SP,lot
TL-2090-OAK,CLAY-RED,19,PR,lot
TL-2090-OAK,FELDSPAR,4.2,PR,lot
TL-2090-OAK,KAOLIN,2,PR,lot
TL-2090-OAK,GLZ-WHT,0.5,GL,lot
TL-2090-OAK,INK-OAK,0.06,GL,lot
TL-2090-OAK,CTN-2090,0.7,SP,lot
